{"cameraMode":{"drawMode":0,"name":"Shaded","section":"Shading Mode"},"sceneLighting":false,"audioPlay":false,"sceneViewState":{"showFog":true,"showMaterialUpdate":false,"showSkybox":true,"showFlares":true,"showImageEffects":true,"showParticleSystems":true},"in2DMode":false,"pivot":{"x":-0.032166384160518649,"y":4.800369739532471,"z":-25.85213851928711},"rotation":{"x":0.0006343476707115769,"y":-0.9988889694213867,"z":-0.044980403035879138,"w":-0.014087100513279438},"size":18.896451950073243,"orthographic":false}