{"cameraMode":{"drawMode":0,"name":"Shaded","section":"Shading Mode"},"sceneLighting":false,"audioPlay":false,"sceneViewState":{"showFog":true,"showMaterialUpdate":false,"showSkybox":true,"showFlares":true,"showImageEffects":true,"showParticleSystems":true},"in2DMode":false,"pivot":{"x":0.12418962270021439,"y":4.800369739532471,"z":-25.847728729248048},"rotation":{"x":0.028484351933002473,"y":0.028789862990379335,"z":0.0008207292994484305,"w":-0.9991798400878906},"size":16.358720779418947,"orthographic":false}