{"cameraMode":{"drawMode":0,"name":"Shaded","section":"Shading Mode"},"sceneLighting":false,"audioPlay":false,"sceneViewState":{"showFog":true,"showMaterialUpdate":false,"showSkybox":true,"showFlares":true,"showImageEffects":true,"showParticleSystems":true},"in2DMode":false,"pivot":{"x":-6.561704158782959,"y":0.17866937816143037,"z":-31.240234375},"rotation":{"x":0.04150398448109627,"y":0.8834069967269898,"z":-0.07972202450037003,"w":0.45991113781929018},"size":15.253153800964356,"orthographic":true}