{"cameraMode":{"drawMode":0,"name":"Shaded","section":"Shading Mode"},"sceneLighting":false,"audioPlay":false,"sceneViewState":{"showFog":true,"showMaterialUpdate":false,"showSkybox":true,"showFlares":true,"showImageEffects":true,"showParticleSystems":true},"in2DMode":false,"pivot":{"x":8.715569496154786,"y":11.194387435913086,"z":-31.23996353149414},"rotation":{"x":-0.016172613948583604,"y":0.9220296144485474,"z":0.03874804452061653,"w":0.3848361074924469},"size":6.559638500213623,"orthographic":true}