{"cameraMode":{"drawMode":0,"name":"Shaded","section":"Shading Mode"},"sceneLighting":false,"audioPlay":false,"sceneViewState":{"showFog":true,"showMaterialUpdate":false,"showSkybox":true,"showFlares":true,"showImageEffects":true,"showParticleSystems":true},"in2DMode":false,"pivot":{"x":0.522735595703125,"y":0.15000152587890626,"z":4.71999979019165},"rotation":{"x":-0.07935569435358048,"y":0.03917081654071808,"z":-0.0031218042131513359,"w":-0.9960833191871643},"size":36.66486740112305,"orthographic":false}