{"cameraMode":{"drawMode":0,"name":"Shaded","section":"Shading Mode"},"sceneLighting":false,"audioPlay":false,"sceneViewState":{"showFog":true,"showMaterialUpdate":false,"showSkybox":true,"showFlares":true,"showImageEffects":true,"showParticleSystems":true},"in2DMode":false,"pivot":{"x":0.5227355360984802,"y":0.15011197328567506,"z":-24.939937591552736},"rotation":{"x":0.02248978242278099,"y":0.027295179665088655,"z":0.0006139798788353801,"w":-0.9993769526481628},"size":9.418962478637696,"orthographic":false}