{"cameraMode":{"drawMode":0,"name":"Shaded","section":"Shading Mode"},"sceneLighting":false,"audioPlay":false,"sceneViewState":{"showFog":true,"showMaterialUpdate":false,"showSkybox":true,"showFlares":true,"showImageEffects":true,"showParticleSystems":true},"in2DMode":false,"pivot":{"x":3.618875026702881,"y":-0.37037843465805056,"z":-35.31776428222656},"rotation":{"x":-0.1838473528623581,"y":0.24110360443592072,"z":-0.04657110944390297,"w":-0.9517903923988342},"size":8.33346176147461,"orthographic":false}